UF,MUNICIPIO,BAIRRO,ENDERAG,CEP_,LATITUDE2,LONGITUD2,Base Referencia,lat_lng,Agencia,Lat,Long,cluster
MG,ANDRADAS,CENTRO,R CEL OLIVEIRA 334,37795-000,-22.071.428,-46.572.107,Uberaba,"(-22.0716602, -46.5741687)",53,-22.0716602,-46.5741687,1
MG,BELO HORIZONTE,CENTRO,R DOS TUPINAMBAS 364,30120-903,-19.918.052,-43.937.557,Belo Horizonte,"(-19.917919, -43.9376827)",84,-19.917919,-43.9376827,0
MG,ITAMOGI,CENTRO,PCA S JOAO BATISTA 567,37955-000,-21.093.284,-47.043.731,Uberaba,"(-21.0787458, -47.0490631)",103,-21.0787458,-47.0490631,1
MG,ITAU DE MINAS,CENTRO,R DR JOSE BALBINO 558,37975-000,-20.743.528,-46.751.721,Uberaba,"(-20.743609, -46.7517449)",104,-20.743609,-46.7517449,1
MG,ITUIUTABA,CENTRO,R VINTE 910,38300-142,-18.996.803,-49.459.905,Uberaba,"(-18.9720865, -49.4642776)",106,-18.9720865,-49.4642776,1
MG,MONTE S DE MINAS,CENTRO,AV CEL A P DA COSTA 200,37958-000,-21.191.564,-46.977.056,Uberaba,"(-21.1912708, -46.9769232)",115,-21.1912708,-46.9769232,1
MG,PASSOS,CENTRO,AV AROUCA 655,37900-152,-20.719.227,-46.607.273,Uberaba,"(-20.7189951, -46.6073889)",120,-20.7189951,-46.6073889,1
MG,SAO SEB DO PARAISO,CENTRO,TRAV ALFERE PATRICIO 207,37950-000,-20.918.089,-46.989.296,Uberaba,"(-20.9178776, -46.9892573)",133,-20.9178776,-46.9892573,1
MG,UBERLANDIA,CENTRO,PCA TUBAL VILELA 222,38400-088,-18.920.334,-48.278.398,Uberaba,"(-18.920958, -48.2775938)",148,-18.920958,-48.2775938,1
MG,TEOFILO OTONI,CENTRO,R TEODORICO TOURINHO 303,39800-010,-17.866.478,-41.507.058,Belo Horizonte,"(-17.8666913, -41.5071769)",172,-17.8666913,-41.5071769,2
MG,GOV VALADARES,CENTRO,AV MINAS GERAIS 252,35010-150,-18.856.312,-41.944.670,Belo Horizonte,"(-18.8567598, -41.9440224)",219,-18.8567598,-41.9440224,2
MG,MONTES CLAROS,CENTRO,R CARLOS GOMES 76,39400-042,-16.721.410,-43.864.682,Belo Horizonte,"(-16.7216025, -43.8651207)",238,-16.7216025,-43.8651207,2
MG,POCOS DE CALDAS,CENTRO,PCA MJ LUIZ LOYOLLA 10,37701-003,-21.788.172,-46.568.322,Uberaba,"(-21.7866139, -46.5818902)",267,-21.7866139,-46.5818902,1
MG,CATAGUASES,CENTRO,R CEL VIEIRA 9,36770-028,-21.389.157,-42.694.826,Belo Horizonte,"(-21.3910384, -42.7113369)",275,-21.3910384,-42.7113369,0
MG,UBERABA,ESTADOS UNIDOS,AV LEOPOLDINO OLIV 3379,38015-000,-19.748.717,-47.935.046,Uberaba,"(-19.750005, -47.9342275)",321,-19.750005,-47.9342275,1
MG,JUIZ DE FORA,CENTRO,AV BAR DO R BRANCO 2334,36016-310,-21.763.010,-43.349.693,Belo Horizonte,"(-21.7622499, -43.3497377)",352,-21.7622499,-43.3497377,0
MG,ALPINOPOLIS,CENTRO,AV GOV VALADARES 218,37940-000,-20.856.102,-46.382.408,Uberaba,"(-20.8629493, -46.3904243)",353,-20.8629493,-46.3904243,1
MG,BELO HORIZONTE,CENTRO,PCA RAUL SOARES 144LJBEF,30180-030,-19.923.082,-43.945.789,Belo Horizonte,"(-19.9226034, -43.9444358)",573,-19.9226034,-43.9444358,0
MG,BARROSO,CENTRO,PCA SANTANA 71,36212-000,-21.187.513,-43.975.686,Belo Horizonte,"(-21.1874817, -43.97721920000001)",586,-21.1874817,-43.97721920000001,0
MG,BELO HORIZONTE,STA EFIGENIA,R PADRE MARINHO 430,30140-040,-19.925.249,-43.923.958,Belo Horizonte,"(-19.9251881, -43.92396069999999)",587,-19.9251881,-43.92396069999999,0
MG,SAO JOAO DEL REI,CENTRO,AV PRES TANCR NEVES 197,36300-195,-21.133.946,-44.259.059,Belo Horizonte,"(-21.1362111, -44.2576421)",594,-21.1362111,-44.2576421,0
MG,SANTA LUZIA,CENTRO,R DO COMERCIO 50,33030-000,-19.756.217,-43.883.316,Belo Horizonte,"(-19.7693065, -43.8712399)",625,-19.7693065,-43.8712399,0
MG,CONTAGEM,CENTRO,AV CARDEAL E PACELLI 735,32210-000,-19.958.445,-44.031.410,Belo Horizonte,"(-19.9520288, -44.01688619999999)",634,-19.9520288,-44.01688619999999,0
MG,BELO HORIZONTE,CENTRO,AV AFONSO PENA 270,30170-120,-19.946.714,-43.921.787,Belo Horizonte,"(-19.9163208, -43.9408102)",637,-19.9163208,-43.9408102,0
MG,BELO HORIZONTE,GUTIERREZ,AV FCO SA 1196,30430-040,-19.932980,-43.959026,Belo Horizonte,"(-19.9328485, -43.9589584)",3053,-19.9328485,-43.9589584,0
MG,ARAGUARI,CENTRO,R RUI BARBOSA 37,38440-222,-18.649.343,-48.191.293,Uberaba,"(-18.649238, -48.191567)",653,-18.649238,-48.191567,1
MG,ITAJUBA,CENTRO,PCA DR LIMA MEDEIROS 40,37500-184,-22.427.002,-45.452.874,Belo Horizonte,"(-22.4247429, -45.4601323)",673,-22.4247429,-45.4601323,0
MG,POUSO ALEGRE,CENTRO,R ADOLFO OLINTO 26/46,37550-000,-22.233.230,-45.933.221,Belo Horizonte,"(-22.2332939, -45.9328379)",676,-22.2332939,-45.9328379,1
MG,BELO HORIZONTE,SAO LUIZ,AV PRES ANT CARLOS 7910,31270-672,-19.852.991,-43.961.622,Belo Horizonte,"(-19.851486, -43.9624916)",689,-19.851486,-43.9624916,0
MG,DIVINOPOLIS,CENTRO,AV PRIMEIRO DE JUNHO 427,35500-003,-20.145.388,-44.887.811,Belo Horizonte,"(-20.1451098, -44.8878694)",690,-20.1451098,-44.8878694,0
MG,IPATINGA,HORTO,AV PRES CAST BRANCO 391,35160-294,-19.504.865,-42.570.218,Belo Horizonte,"(-19.5049381, -42.56997399999999)",692,-19.5049381,-42.56997399999999,2
MG,SETE LAGOAS,CENTRO,R PROF FERNANDINO JR 222,35700-014,-19.463.047,-44.244.162,Belo Horizonte,"(-19.4632548, -44.243485)",700,-19.4632548,-44.243485,0
MG,ALFENAS,CENTRO,AV PRES A BERNARDES 763,37130-000,-21.429.098,-45.948.757,Belo Horizonte,"(-21.4287446, -45.948888)",749,-21.4287446,-45.948888,1
MG,BELO HORIZONTE,MANGABEIRAS,AV AFONSO PENA 3888,30130-009,-19.944.361,-43.923.006,Belo Horizonte,"(-19.9446973, -43.9231474)",781,-19.9446973,-43.9231474,0
MG,VARGINHA,CENTRO,PCA J RESENDE PAIVA 50,37002-030,-21.558.023,-45.440.105,Belo Horizonte,"(-21.5560459, -45.4363875)",802,-21.5560459,-45.4363875,0
MG,GUAXUPE,CENTRO,AV CD RIBEIRO VALLE 205,37800-000,-21.302.267,-46.710.838,Uberaba,"(-21.3049394, -46.708459)",861,-21.3049394,-46.708459,1
MG,PATOS DE MINAS,CENTRO,R MAJOR GOTE 970,38702-054,-18.584.833,-46.515.038,Uberaba,"(-18.5918552, -46.5151338)",863,-18.5918552,-46.5151338,1
MG,BELO HORIZONTE,CAICARA,AV PRES CARLOS LUZ 3001,31250-970,-19.882443,-43.975404,Belo Horizonte,"(-19.8899937, -43.9680522)",6609,-19.8899937,-43.9680522,0
MG,BRUMADINHO,JOTA,AV PRES VARGAS 295,35460-000,-20.144039,-44.201164,Belo Horizonte,"(-20.1440557, -44.2010848)",2732,-20.1440557,-44.2010848,0
MG,BELO HORIZONTE,CENTRO,AV CRISTIANO MACHADO2106,31170-800,-19.889143,-43.929096,Belo Horizonte,"(-19.8581744, -43.9345078)",2932,-19.8581744,-43.9345078,0
MG,BELO HORIZONTE,VILA CLOVIS,AV CRISTIANO MACHAD11833,31744-007,-19.820737,-43.946192,Belo Horizonte,"(-19.82032, -43.94650000000001)",7958,-19.82032,-43.94650000000001,0
MG,BELO HORIZONTE,SAO BENTO,AV PRUDENTE MORAIS 1555,30380-000,-19.948521,-43.947750,Belo Horizonte,"(-19.9474677, -43.9481864)",2975,-19.9474677,-43.9481864,0
MG,BELO HORIZONTE,BELVEDERE,AV LUIZ PAULO FRANCO 400,30320-570,-19.974130,-43.940211,Belo Horizonte,"(-19.9743293, -43.941337)",2979,-19.9743293,-43.941337,0
MG,BELO HORIZONTE,SION,AV URUGUAI 531,30310-300,-19.951284,-43.931729,Belo Horizonte,"(-19.9510223, -43.9317616)",3033,-19.9510223,-43.9317616,0
MG,UBERLANDIA,CENTRO,AV BELO HORIZONTE 644,38400-088,-18.912970,-48.283298,Uberaba,"(-18.91284, -48.2832056)",3034,-18.91284,-48.2832056,1
MG,UBERABA,CENTRO,AV ALBERTO MF BORGES 397,38015-000,-19.758701,-47.940000,Uberaba,"(-19.7586635, -47.9398896)",3035,-19.7586635,-47.9398896,1
MG,BELO HORIZONTE,NV SUISSA,AV AMAZONAS 4567,30480-000,-19.929613,-43.974841,Belo Horizonte,"(-19.9298217, -43.9748418)",3037,-19.9298217,-43.9748418,0
MG,BELO HORIZONTE,CENTRO,R TUPIS 280,30190-060,-19.921486,-43.939551,Belo Horizonte,"(-19.9213503, -43.9396974)",3038,-19.9213503,-43.9396974,0
MG,CONTAGEM,ELDORADO,AV JOSE FARIA ROCHA 2630,32340-010,-19.938454,-44.045518,Belo Horizonte,"(-19.9383603, -44.045388)",3039,-19.9383603,-44.045388,0
MG,SANTA LUZIA,SAO BENEDITO,AV BRASILIA 1445,33120-510,-19.791541,-43.931502,Belo Horizonte,"(-19.7915404, -43.9317188)",3040,-19.7915404,-43.9317188,0
MG,ITAUNA,CENTRO,PCA D AUGUSTO GONCALV 64,35680-054,-20.072756,-44.576660,Belo Horizonte,"(-20.1001518, -44.6137789)",3042,-20.1001518,-44.6137789,0
MG,PARA DE MINAS,CENTRO,R BENEDITO VALADARES 231,35660-000,-19.862675,-44.607216,Belo Horizonte,"(-19.8634375, -44.6060177)",3043,-19.8634375,-44.6060177,0
MG,ITABIRA,CENTRO,R SIZENANDO BARROS 38,35900-006,-19.622607,-43.226070,Belo Horizonte,"(-19.6230713, -43.226384)",3044,-19.6230713,-43.226384,0
MG,STA RITA SAPUCAI,CENTRO,PCA SANTA RITA 41,37540-000,-22.249831,-45.719814,Belo Horizonte,"(-22.2524530, -45.70464603)",3045,-22.252453,-45.70464603,1
MG,JACUTINGA,CENTRO,R AMERICO PRADO 679,37590-000,-22.292313,-46.613955,Belo Horizonte,"(-22.288389, -46.6126448)",3046,-22.288389,-46.6126448,1
MG,MAR DE ESPANHA,CENTRO,PCA A SANTOS DUMONT 2,36640-000,-21.868031,-43.008956,Belo Horizonte,"(-21.8657357, -43.01008239999999)",3047,-21.8657357,-43.01008239999999,0
MG,BELO HORIZONTE,CARLOS PRATES,AV PEDRO II 1376,30710-010,-19.913797,-43.953708,Belo Horizonte,"(-19.9113439, -43.95520760000001)",3055,-19.9113439,-43.95520760000001,0
MG,CARANGOLA,CENTRO,R PEDRO DE OLIVEIRA 54,36800-000,-20.734232,-42.030476,Belo Horizonte,"(-20.7333875, -42.03083669999999)",3057,-20.7333875,-42.03083669999999,0
MG,CORONEL FABRICIANO,CENTRO,R CEL SILVINO PEREIRA 83,35170-039,-19.529755,-42.625095,Belo Horizonte,"(-19.5301582, -42.62488889999999)",3058,-19.5301582,-42.62488889999999,2
MG,JOAO MONLEVADE,CARNEIRINHOS,AV GETULIO VARGAS 4994,35930-003,-19.811241,-43.188198,Belo Horizonte,"(-19.8078985, -43.1757479)",3059,-19.8078985,-43.1757479,0
MG,OLIVEIRA,CENTRO,PCA XV DE NOVEMBRO 104,35540-000,-20.689886,-44.829148,Belo Horizonte,"(-20.6969864, -44.8271378)",3060,-20.6969864,-44.8271378,0
MG,MALACACHETA,CENTRO,AV PEDRO ABRANTES 383,39690-000,-17.842370,-42.072736,Belo Horizonte,"(-17.847322, -42.0788164)",3061,-17.847322,-42.0788164,2
MG,MACHADO,CENTRO,PCA ANTONIO CARLOS 137,37750-000,-21.675605,-45.922489,Uberaba,"(-21.6761238, -45.921482)",3062,-21.6761238,-45.921482,1
MG,LEOPOLDINA,CENTRO,R BAR DE COTEGIPE148,36700-000,-21.531719,-42.640758,Belo Horizonte,"(-21.5316104, -42.6408358)",3063,-21.5316104,-42.6408358,0
MG,OURO FINO,CENTRO,R TREZE DE MAIO 532,37570-000,-22.280505,-46.369221,Uberaba,"(-22.2798588, -46.3702856)",3064,-22.2798588,-46.3702856,1
MG,RIBEIRAO DAS NEVES,CEREJEIRAS,AV DENISE C DA ROCHA 690,33900-000,-19.802645,-44.002781,Belo Horizonte,"(-19.8006571, -44.0086715)",3065,-19.8006571,-44.0086715,0
MG,VICOSA,CENTRO,PCMAESTROHERVECORDOVIL67,36570-053,-20.746302,-42.844247,Belo Horizonte,"(-20.7549977, -42.8808302)",3066,-20.7549977,-42.8808302,0
MG,BONFIM,CENTRO,PCA GETULIO VARGAS 251,35521-000,-20.326534,-44.246922,Belo Horizonte,"(-20.33047380, -44.237015957)",3068,-20.3304738,-44.237015957,0
MG,NOVA LIMA,CENTRO,R JOSE AVILA 10,34000-000,-19.982614,-43.851579,Belo Horizonte,"(-19.9831892, -43.8517307)",3072,-19.9831892,-43.8517307,0
MG,SAO GOTARDO,CENTRO,PCA SAO SEBASTIAO 95,38800-000,-19.308741,-46.046287,Uberaba,"(-19.3183206, -46.0591353)",3073,-19.3183206,-46.0591353,1
MG,BELO HORIZONTE,ITAPOA,R GAL OLIMPIO M FO 202,31720-200,-19.830789,-43.959029,Belo Horizonte,"(-19.9218537, -43.93866269999999)",3076,-19.9218537,-43.93866269999999,0
MG,CURVELO,CENTRO,PCA TIRADENTES 541,35790-000,-18.836255,-44.406878,Belo Horizonte,"(-18.7514885, -44.4281442)",3077,-18.7514885,-44.4281442,2
MG,CAMPESTRE,CENTRO,PCA BRASIL 33,37730-000,-21.710985,-46.248016,Uberaba,"(-21.711532, -46.2458754)",3078,-21.711532,-46.2458754,1
MG,ITAPECERICA,CENTRO,R VIGARIO ANTUNES 44,35550-000,-20.463686,-45.123596,Belo Horizonte,"(-20.4713054, -45.1236772)",3079,-20.4713054,-45.1236772,0
MG,OURO BRANCO,CENTRO,R SANTO ANTONIO 213,36420-000,-20.524452,-43.692910,Belo Horizonte,"(-20.5243523, -43.6926732)",3080,-20.5243523,-43.6926732,0
MG,POCO FUNDO,CENTRO,R BAR DE ALFENAS 146,37757-000,-21.781380,-45.967142,Belo Horizonte,"(-21.7812932, -45.9671519)",3081,-21.7812932,-45.9671519,1
MG,CAXAMBU,CENTRO,R JOAO PINHEIRO 296,37440-000,-21.979261,-44.935031,Belo Horizonte,"(-21.9797392, -44.9344745)",3082,-21.9797392,-44.9344745,0
MG,UBERLANDIA,CENTRO,AV FLORIANO PEIXOTO 1909,38400-700,-18.908592,-48.268746,Uberaba,"(-18.9084548, -48.2688671)",3083,-18.9084548,-48.2688671,1
MG,SANTOS DUMONT,CENTRO,R PREF J M PITELLA 73,36240-000,-21.455898,-43.551371,Belo Horizonte,"(-21.4558096, -43.5657642)",3084,-21.4558096,-43.5657642,0
MG,CAETE,CENTRO,R SAO FRANCISCO 151,34800-000,-19.899735,-43.669947,Belo Horizonte,"(-19.8789946, -43.6602185)",3085,-19.8789946,-43.6602185,0
MG,ALTO RIO DOCE,CENTRO,R DR J G MENEZES 105,36260-000,-21.026077,-43.410528,Belo Horizonte,"(-21.0233592, -43.415198)",3086,-21.0233592,-43.415198,0
MG,CARMO DO RIO CLARO,CENTRO,R JOSE M DE CARVALHO164,37150-000,-20.971463,-46.132466,Uberaba,"(-20.9732824, -46.1190552)",3087,-20.9732824,-46.1190552,1
MG,DIAMANTINA,DOM JOAO,AV SILVIO F SANTOS 106,39100-000,-18.240683,-43.609095,Belo Horizonte,"(-18.2441852, -43.598022)",3088,-18.2441852,-43.598022,2
MG,FORMIGA,CENTRO,PCA GETULIO VARGAS 25,35570-000,-20.463463,-45.429897,Belo Horizonte,"(-20.4635581, -45.4299112)",3089,-20.4635581,-45.4299112,0
MG,LAGOA DA PRATA,CENTRO,AV BENEDITO VALADARE 737,35590-000,-20.008499,-45.536777,Belo Horizonte,"(-20.0206801, -45.5432769)",3090,-20.0206801,-45.5432769,1
MG,MANHUACU,CENTRO,PCA 5 DE NOVEMBRO 342,36900-000,-20.256590,-42.033387,Belo Horizonte,"(-20.256305, -42.033802)",3091,-20.256305,-42.033802,0
MG,PERDOES,CENTRO,PCA 1 DE JUNHO 18,37260-000,-21.101034,-45.089114,Belo Horizonte,"(-21.0939049, -45.088492)",3092,-21.0939049,-45.088492,0
MG,CONTAGEM,BR INDUSTRIAL,R TIRADENTES 2727,32230-020,-19.971385,-44.038842,Belo Horizonte,"(-19.9682754, -44.032817)",3096,-19.9682754,-44.032817,0
MG,CAMPO BELO,CENTRO,AV AFONSO PENA 150,37270-000,-20.894829,-45.275608,Belo Horizonte,"(-20.8941477, -45.2751572)",3097,-20.8941477,-45.2751572,0
MG,BELO HORIZONTE,SAGRADA FAMILIA,AV SILVIANO BRANDAO 685,31030-525,-19.911528,-43.920761,Belo Horizonte,"(-19.9072211, -43.9294909)",3101,-19.9072211,-43.9294909,0
MG,BELO HORIZONTE,SAO LUCAS,AV BRASIL 924,30140-001,-19.927777,-43.928329,Belo Horizonte,"(-19.92791, -43.92858)",3102,-19.92791,-43.92858,0
MG,BELO HORIZONTE,INCONFIDENCIA,AV ABILIO MACHADO 1054,30830-000,-19.906464,-43.999552,Belo Horizonte,"(-19.906549, -43.9992487)",3103,-19.906549,-43.9992487,0
MG,ALEM PARAIBA,CENTRO,R MAR FLORIANO 28,36660-000,-21.884842,-42.698010,Belo Horizonte,"(-21.883273, -42.69900699999999)",3104,-21.883273,-42.69900699999999,0
MG,MONTE CARMELO,CENTRO,PCA GETULIO VARGAS 20,38500-000,-18.730188,-47.496799,Uberaba,"(-18.7292779, -47.4978215)",3105,-18.7292779,-47.4978215,1
MG,PEDRO LEOPOLDO,CENTRO,R DR HERBSTER 285,33600-000,-19.622019,-44.043836,Belo Horizonte,"(-19.621351, -44.0434031)",3106,-19.621351,-44.0434031,0
MG,VISC DO RIO BRANCO,CENTRO,PCA 28 DE SETEMBRO 174,36520-000,-21.017186,-42.837839,Belo Horizonte,"(-21.0102204, -42.8391466)",3107,-21.0102204,-42.8391466,0
MG,ITABIRITO,CENTRO,AV QUEIROZ JUNIOR 679,35450-000,-20.249892,-43.803888,Belo Horizonte,"(-20.2494771, -43.803961)",3108,-20.2494771,-43.803961,0
MG,IPATINGA,CENTRO,R MARIA J S SALES 15,35160-011,-19.478498,-42.526634,Belo Horizonte,"(-19.4765049, -42.5292096)",3109,-19.4765049,-42.5292096,2
MG,JANAUBA,CENTRO,PCA ROMULO S AZEVEDO 8,39440-000,-15.801421,-43.309626,Belo Horizonte,"(-15.8009305, -43.30941869999999)",3110,-15.8009305,-43.30941869999999,2
MG,PARACATU,CENTRO,AV DEP QUINT VARGAS 436,38600-000,-17.220121,-46.874422,Uberaba,"(-17.2174562, -46.8723064)",3111,-17.2174562,-46.8723064,1
MG,BOA ESPERANCA,CENTRO,R PRES VARGAS 786,37170-000,-21.086258,-45.575127,Belo Horizonte,"(-21.091777, -45.564264)",3112,-21.091777,-45.564264,0
MG,TIMOTEO,CENTRO,PCA 1 DE MAIO 33,35180-018,-19.538174,-42.645855,Belo Horizonte,"(-19.5823775, -42.6449593)",3113,-19.5823775,-42.6449593,2
MG,VESPASIANO,CENTRO,R DR ARY T COSTA353,33200-000,-19.694766,-43.920692,Belo Horizonte,"(-19.6888212, -43.9243329)",3114,-19.6888212,-43.9243329,0
MG,BELO HORIZONTE,FUNCIONARIOS,AV GETULIO VARGAS 681,30112-020,-19.934964,-43.929745,Belo Horizonte,"(-19.9353511, -43.9298694)",3116,-19.9353511,-43.9298694,0
MG,BELO HORIZONTE,FUNCIONARIOS,R PARAIBA 1122,30130-141,-19.937112,-43.933952,Belo Horizonte,"(-19.9364598, -43.93387999999999)",3117,-19.9364598,-43.93387999999999,0
MG,ARCOS,CENTRO,R JARBAS F PIRES 497,35588-000,-20.285953,-45.539927,Belo Horizonte,"(-20.2878611, -45.5395297)",3118,-20.2878611,-45.5395297,0
MG,BOM DESPACHO,CENTRO,PCA DA MATRIZ 450,35600-000,-19.676128,-45.270710,Belo Horizonte,"(-19.7367129, -45.2517708)",3119,-19.7367129,-45.2517708,0
MG,CONTAGEM,GUANABARA,BR 040 KM 688 PAVLHAO A,32145-900,-19.896247,-44.049704,Belo Horizonte,"(-19.8938857, -44.045711)",3120,-19.8938857,-44.045711,0
MG,GUANHAES,CENTRO,PCA JK 140,39740-000,-18.775445,-42.934645,Belo Horizonte,"(-18.7770362, -42.9380174)",3121,-18.7770362,-42.9380174,2
MG,JANUARIA,CENTRO,PCA DOM DANIEL 61,39480-000,-15.490904,-44.366226,Belo Horizonte,"(-15.4895983, -44.3619861)",3123,-15.4895983,-44.3619861,2
MG,PITANGUI,CENTRO,R INACIO O CAMPOS 59,35650-000,-19.683473,-44.891266,Belo Horizonte,"(-19.6824367, -44.8902347)",3124,-19.6824367,-44.8902347,0
MG,PIUMHI,CENTRO,R BENEDITO VALADARES 117,37925-000,-20.461786,-45.945715,Belo Horizonte,"(-20.4690926, -45.9604125)",3125,-20.4690926,-45.9604125,1
MG,POUSO ALEGRE,CENTRO,PCA SEN JOSE BENTO 1,37550-000,-22.231435,-45.935702,Belo Horizonte,"(-22.2300669, -45.937219)",3135,-22.2300669,-45.937219,1
MG,PASSOS,CENTRO,PCA M MESSIA BRAGANCA 91,37900-084,-20.718128,-46.610863,Uberaba,"(-20.7287308, -46.6235706)",3136,-20.7287308,-46.6235706,1
MG,SETE LAGOAS,CENTRO,R DR PEDRO LUIZ 203,35700-004,-19.459068,-44.244132,Belo Horizonte,"(-19.460048, -44.2443096)",3137,-19.460048,-44.2443096,0
MG,RIO POMBA,CENTRO,PCA ULTIMO CARVALHO 86,36180-000,-21.279245,-43.175095,Belo Horizonte,"(-21.2754345, -43.1799566)",3139,-21.2754345,-43.1799566,0
MG,SACRAMENTO,CENTRO,AV VIGARIO PAIXAO 14,38190-000,-19.858325,-47.452513,Uberaba,"(-19.8668776, -47.4410926)",3140,-19.8668776,-47.4410926,1
MG,IBIRITE,CENTRO,R FREITAS OLIVEIRA 50,32400-000,-20.025558,-44.058773,Belo Horizonte,"(-20.024528, -44.058865)",3142,-20.024528,-44.058865,0
MG,ABAETE,CENTRO,AV GETULIO VARGAS 76,35620-000,-19.156153,-45.448109,Belo Horizonte,"(-19.1576642, -45.44712149999999)",3147,-19.1576642,-45.44712149999999,0
MG,BELO ORIENTE,CENTRO,R 1 DE MARCO 344,35195-000,-19.221982,-42.484662,Belo Horizonte,"(-19.2216614, -42.48676589999999)",3148,-19.2216614,-42.48676589999999,2
MG,MARIANA,CENTRO,R FREI DURAO 170,35420-000,-20.377735,-43.416121,Belo Horizonte,"(-20.3778117, -43.41594509999999)",3149,-20.3778117,-43.41594509999999,0
MG,MATOZINHOS,CENTRO,PCA BOM JESUS 69,35720-000,-19.558204,-44.082069,Belo Horizonte,"(-19.5579063, -44.0813599)",3152,-19.5579063,-44.0813599,0
MG,CONGONHAS,CENTRO,AV JULIA KUBITSCHECK 33,36415-000,-20.501961,-43.858894,Belo Horizonte,"(-20.5023238, -43.8576755)",3153,-20.5023238,-43.8576755,0
MG,PIRAPORA,CENTRO,AV RODOLFO MALLARD 177,39270-000,-17.319253,-44.906994,Belo Horizonte,"(-17.3497964, -44.9506777)",3154,-17.3497964,-44.9506777,2
MG,BELO HORIZONTE,STO AGOSTINHO,PCA CARLOS CHAGAS 49,30170-020,-19.930956,-43.949927,Belo Horizonte,"(-19.9326301, -43.9484106)",3155,-19.9326301,-43.9484106,0
MG,DIVINOPOLIS,CENTRO,R GOIAS 384,35500-000,-20.146313,-44.889047,Belo Horizonte,"(-20.1480505, -44.88409619999999)",3156,-20.1480505,-44.88409619999999,0
MG,MONTES CLAROS,CENTRO,R DR SANTOS 49,39400-000,-16.722882,-43.865139,Belo Horizonte,"(-16.7238953, -43.8651953)",3157,-16.7238953,-43.8651953,2
MG,BELO HORIZONTE,CENTRO,R CURITIBA 987,30170-120,-19.921741,-43.942140,Belo Horizonte,"(-19.9215347, -43.9419519)",3158,-19.9215347,-43.9419519,0
MG,NOVA SERRANA,CENTRO,R ANTONIO MARTINS 210,35519-000,-19.884140,-44.981472,Belo Horizonte,"(-19.8772811, -44.9866473)",3159,-19.8772811,-44.9866473,0
MG,CARATINGA,CENTRO,PCA CESARIO ALVIM 226,35300-036,-19.790805,-42.139244,Belo Horizonte,"(-19.7905642, -42.1401396)",3162,-19.7905642,-42.1401396,2
MG,JUIZ DE FORA,CENTRO,AV BAR DO R BRANCO 2685,36010-012,-21.765455,-43.348599,Belo Horizonte,"(-21.7654351, -43.3482863)",3163,-21.7654351,-43.3482863,0
MG,UBERLANDIA,CENTRO,AV AFONSO PENA 657,38400-130,-18.918696,-48.278121,Uberaba,"(-18.9176516, -48.27760010000001)",3166,-18.9176516,-48.27760010000001,1
MG,JUIZ DE FORA,STA TEREZINHA,AV RUI BARBOSA 440,36046-000,-21.743005,-43.363248,Belo Horizonte,"(-21.7431406, -43.3622737)",3172,-21.7431406,-43.3622737,0
MG,BELO HORIZONTE,CENTRO,R RIO DE JANEIRO 471,30160-040,-19.918826,-43.938527,Belo Horizonte,"(-19.918638, -43.938369)",3176,-19.918638,-43.938369,0
MG,VARGINHA,CENTRO,R DEP RIB REZENDE 287,37002-100,-21.559740,-45.435765,Belo Horizonte,"(-21.5555785, -45.4363532)",3178,-21.5555785,-45.4363532,0
MG,BELO HORIZONTE,SAO JOSE,AV ANTONIO A CARAM 850,31275-190,-19.862460,-43.969261,Belo Horizonte,"(-19.8623359, -43.969638)",3179,-19.8623359,-43.969638,0
MG,GOV VALADARES,CENTRO,AV MINAS GERAIS 275,35010-150,-18.857310,-41.944047,Belo Horizonte,"(-18.8568674, -41.9447198)",3180,-18.8568674,-41.9447198,2
MG,ENTRE RIOS MINAS,CENTRO,PCA S RIB OLIVEIRA 237,35490-000,-20.678565,-44.052630,Belo Horizonte,"(-20.6706943, -44.0657306)",3187,-20.6706943,-44.0657306,0
MG,PASSA QUATRO,CENTRO,R TEN VIOTTE 515,37460-000,-22.388514,-44.963082,Belo Horizonte,"(-22.3829371, -44.9666211)",3188,-22.3829371,-44.9666211,0
MG,BOCAIUVA,CENTRO,AV FCO DUMONT 26,39390-000,-17.111237,-43.813503,Belo Horizonte,"(-17.1113356, -43.82033149999999)",3189,-17.1113356,-43.82033149999999,2
MG,CLAUDIO,CENTRO,PCA EX COMBATENTES 192,35530-000,-20.441133,-44.758427,Belo Horizonte,"(-20.4439987, -44.7657943)",3190,-20.4439987,-44.7657943,0
MG,TOMBOS,CENTRO,PCA CEL MANOEL QUINTA 27,36844-000,-20.904898,-42.023778,Belo Horizonte,"(-20.9081581, -42.0273364)",3191,-20.9081581,-42.0273364,0
MG,BAMBUI,CENTRO,PCA CEL TORRES 26,38900-000,-20.021387,-45.960783,Uberaba,"(-20.0170955, -45.9795138)",3192,-20.0170955,-45.9795138,1
MG,LAGOA SANTA,CENTRO,AV ACAD NILO FIGUEIRED96,33400-000,-19.628367,-43.896005,Belo Horizonte,"(-19.628007, -43.8956732)",3193,-19.628007,-43.8956732,0
MG,S DOMINGOS PRATA,CENTRO,R PE PEDRO DOMINGUES 37,35995-000,-19.865000,-42.968000,Belo Horizonte,"(-19.8631614, -42.9689652)",3194,-19.8631614,-42.9689652,0
MG,TIRADENTES,CENTRO,R MIN GABRIEL PASSOS 43B,36325-000,-21.111019,-44.174217,Belo Horizonte,"(-21.1101748, -44.1748145)",3196,-21.1101748,-44.1748145,0
MG,ITURAMA,CENTRO,R ITUIUTABA 558,38280-000,-19.729313,-50.198837,Uberaba,"(-19.7290882, -50.1991375)",3201,-19.7290882,-50.1991375,1
MG,SAO GONCALO DO PA,CENTRO,AV PRES TANCRE NEVES 224,35516-000,-19.984655,-44.851491,Belo Horizonte,"(-19.9837359, -44.8583923)",3202,-19.9837359,-44.8583923,0
MG,RESPLENDOR,CENTRO,R OLEGARIO MACIEL 450,35230-000,-19.326000,-41.255000,Belo Horizonte,"(-19.327774, -41.255536)",3203,-19.327774,-41.255536,2
MG,CARMO DA CACHOEIRA,CENTRO,PCA N SRA DO CARMO 414,37225-000,-21.460907,-45.224546,Belo Horizonte,"(-21.456888, -45.2193519)",3204,-21.456888,-45.2193519,0
MG,BARAO DE COCAIS,VL REGINA,PCA N SRA APARECIDA 64,35970-000,-19.941459,-43.475017,Belo Horizonte,"(-19.9434561, -43.4933077)",3205,-19.9434561,-43.4933077,0
MG,LUZ,CENTRO,R CEL JOSE TOMAZ 755,35595-000,-19.798707,-45.679095,Belo Horizonte,"(-19.798183, -45.6797617)",3207,-19.798183,-45.6797617,1
MG,PEDRA AZUL,CENTRO,AV DR ANTERO L RUAS 47,39970-000,-16.011839,-41.288601,Belo Horizonte,"(-15.9961586, -41.2841769)",3208,-15.9961586,-41.2841769,2
MG,AIMORES,CENTRO,AV DR AMERICO M COSTA 70,35200-000,-19.491982,-41.062687,Belo Horizonte,"(-19.496567, -41.0718456)",3210,-19.496567,-41.0718456,2
MG,BELO HORIZONTE,STA EFIGENIA,R PADRE ROLIM 971,30130-090,-19.926342,-43.930565,Belo Horizonte,"(-19.9265248, -43.93060080000001)",3334,-19.9265248,-43.93060080000001,0
MG,BETIM,JD DAS ALTEROSA,AV CAMPOS DE OURIQUE1180,32670-724,-19.949752,-44.156917,Belo Horizonte,"(-20.0105848, -44.090003)",3615,-20.0105848,-44.090003,0
MG,JUIZ DE FORA,CENTRO,AV BAR DO R BRANCO 2334,36016-310,"     .      ","     .      ",Belo Horizonte,"(-21.7622499, -43.3497377)",3165,-21.7622499,-43.3497377,0
MG,TEOFILO OTONI,CENTRO,R TEODORO TOURINHO303,39800-010,"     .      ","     .      ",Belo Horizonte,"(-17.8608479, -41.5089708)",3236,-17.8608479,-41.5089708,2
MG,BELO HORIZONTE,CENTRO,R RIO DE JANEIRO 471,30160-040,"     .      ","     .      ",Belo Horizonte,"(-19.918638, -43.938369)",3319,-19.918638,-43.938369,0
MG,BELO HORIZONTE,VENDA NOVA,R PE PEDRO PINTO 1701,31510-000,-19.812155,-43.965271,Belo Horizonte,"(-19.8118787, -43.965285)",3804,-19.8118787,-43.965285,0
MG,JUATUBA,CENTRO,AV TANUS SALIBA 300,35675-000,-19.955264,-44.339824,Belo Horizonte,"(-19.9554224, -44.3398968)",3826,-19.9554224,-44.3398968,0
MG,CONCEICAO ALAGOAS,CENTRO,R PRES VARGAS 560,38120-000,-19.923266,-48.382325,Uberaba,"(-19.9199424, -48.3842972)",4058,-19.9199424,-48.3842972,1
MG,IPANEMA,CENTRO,AV SETE DE SETEMBRO 588,36950-000,-19.800968,-41.713618,Belo Horizonte,"(-19.7998607, -41.7130625)",4059,-19.7998607,-41.7130625,2
MG,NANUQUE,CENTRO,AV GERALDO ROMANO 20,39860-000,-17.839571,-40.349819,Belo Horizonte,"(-17.8391099, -40.3497293)",4061,-17.8391099,-40.3497293,2
MG,STO ANTONIO DO AMP,CENTRO,PCA GOV VALADARES 8,37262-000,-20.955090,-44.916707,Belo Horizonte,"(-20.94626550785302, -44.91908107112433)",4062,-20.94626550785302,-44.91908107112433,0
MG,SERRO,CENTRO,R ANTONIO HONORIO PIRES7,39150-000,-18.605822,-43.386989,Belo Horizonte,"(-18.604760596947322, -43.3820373679056)",4065,-18.60476059694732,-43.3820373679056,2
MG,TRES MARIAS,CENTRO,R CARLOS CHAGAS 62,39205-000,-18.205688,-45.228323,Belo Horizonte,"(-18.2042927, -45.2276245)",4066,-18.2042927,-45.2276245,0
MG,ALMENARA,CENTRO,R ALEIXO PARAGUASSU 275,39900-000,-16.188632,-40.687965,Belo Horizonte,"(-16.1803446, -40.6951344)",4067,-16.1803446,-40.6951344,2
MG,ARACUAI,CENTRO,AV DR NUNO MELO 359,39600-000,-16.854543,-42.068886,Belo Horizonte,"(-16.852139, -42.0673187)",4069,-16.852139,-42.0673187,2
MG,INHAPIM,CENTRO,R OSWALDO S ARAUJO 321,35330-000,-19.552332,-42.122189,Belo Horizonte,"(-19.5528756, -42.1218916)",4070,-19.5528756,-42.1218916,2
MG,BICAS,CENTRO,R CEL SOUZA 54,36600-000,-21.729000,-43.067299,Belo Horizonte,"(-21.7171894, -43.0619628)",4211,-21.7171894,-43.0619628,0
MG,JEQUITINHONHA,CENTRO,AV PEDRO FERREIRA 94,39960-000,-16.435421,-41.003297,Belo Horizonte,"(-16.4334751, -41.0042421)",4214,-16.4334751,-41.0042421,2
MG,LAMBARI,CENTRO,R DR WADIH BACHA 45,37480-000,-21.973264,-45.349626,Belo Horizonte,"(-21.9738334, -45.3492401)",4218,-21.9738334,-45.3492401,0
MG,MANTENA,CENTRO,AV GETULIO VARGAS 81,35290-000,-18.780262,-40.981937,Belo Horizonte,"(-18.7805301, -40.98214970000001)",4219,-18.7805301,-40.98214970000001,2
MG,UBERLANDIA,STA MONICA,AV SEGISMUND PEREIRA1071,38408-170,-18.918286,-48.248810,Uberaba,"(-18.9183259, -48.248499)",4225,-18.9183259,-48.248499,1
MG,MUTUM,CENTRO,AV ANTONIO CARLOS 51,36955-000,-19.814486,-41.439386,Belo Horizonte,"(-19.8166203, -41.4374462)",4226,-19.8166203,-41.4374462,2
MG,PARAGUACU,CENTRO,PCA OSWALDO COSTA 177,37120-000,-21.555973,-45.739536,Belo Horizonte,"(-21.5474269, -45.7367855)",4227,-21.5474269,-45.7367855,1
MG,PRATA,CENTRO,PCA XV DE NOVEMBRO 63,38140-000,-19.308637,-48.927009,Uberaba,"(-19.3077458, -48.9269112)",4228,-19.3077458,-48.9269112,1
MG,TUPACIGUARA,CENTRO,R BUENO BRANDAO 55,38430-000,-18.591895,-48.705702,Uberaba,"(-18.5933373, -48.7035174)",4230,-18.5933373,-48.7035174,1
MG,MUZAMBINHO,CENTRO,PCA PEDRO A MAGALHAES 30,37890-000,-21.373587,-46.520295,Uberaba,"(-21.3673586, -46.5230158)",4232,-21.3673586,-46.5230158,1
MG,CARANDAI,CENTRO,PCA CAP P ROCHA 70,36280-000,-20.954351,-43.791378,Belo Horizonte,"(-20.9538399, -43.8021063)",4233,-20.9538399,-43.8021063,0
MG,NEPOMUCENO,CENTRO,R DR HERNANI V LIMA 215,37250-000,-21.233956,-45.236365,Belo Horizonte,"(-21.2339538, -45.2366457)",4238,-21.2339538,-45.2366457,0
MG,STA BARBARA,CENTRO,PCA DR MARCIO P FARIA107,35960-000,-19.962441,-43.417059,Belo Horizonte,"(-19.9609523, -43.4104860)",4255,-19.9609523,-43.410486,0
MG,PARAOPEBA,CENTRO,PCA CEL C MASCARENHA 164,35774-000,-19.281697,-44.408981,Belo Horizonte,"(-19.2867987, -44.4090527)",4257,-19.2867987,-44.4090527,0
MG,CAMPINA VERDE,CENTRO,AV ONZE 535,38270-000,-19.533368,-49.482505,Uberaba,"(-19.5331055, -49.4829537)",4258,-19.5331055,-49.4829537,1
MG,MATEUS LEME,CENTRO,AV GETULIO VARGAS 148,35670-000,-19.987745,-44.429530,Belo Horizonte,"(-19.9877647, -44.42992539999999)",4264,-19.9877647,-44.42992539999999,0
MG,VAZANTE,CENTRO,AV PARACATU 539,38780-000,-17.989882,-46.905793,Uberaba,"(-17.987337, -46.9071201)",4265,-17.987337,-46.9071201,1
MG,COROMANDEL,CENTRO,R ARTUR BERNARDES 102,38550-000,-18.472094,-47.202998,Uberaba,"(-18.4720963, -47.2028233)",4266,-18.4720963,-47.2028233,1
MG,IBIA,CENTRO,R VINTE 78,38950-000,-19.484081,-46.547656,Uberaba,"(-19.4767502, -46.5388493)",4267,-19.4767502,-46.5388493,1
MG,CARMO DO PARANAIBA,CENTRO,AV ARISTIDES DE MELO 280,38840-000,-18.997406,-46.313985,Uberaba,"(-18.9992514, -46.31373869999999)",4268,-18.9992514,-46.31373869999999,1
MG,IGARAPE,CENTRO,AV GOV VALADARES 579,32900-000,-20.071998,-44.303650,Belo Horizonte,"(-20.0714341, -44.3034898)",4270,-20.0714341,-44.3034898,0
MG,BELO HORIZONTE,ESTORIL,AV PROF M WERNECK 1686,30455-610,-19.971612,-43.966259,Belo Horizonte,"(-19.9709845, -43.9657841)",4450,-19.9709845,-43.9657841,0
MG,JUIZ DE FORA,SAO MATEUS,R SAO MATEUS 604,36025-000,-21.773867,-43.352658,Belo Horizonte,"(-21.7736627, -43.3526228)",4451,-21.7736627,-43.3526228,0
MG,BELO HORIZONTE,OURO PRETO,R C DO MATO DENTRO 588,31310-240,-19.871234,-43.980807,Belo Horizonte,"(-19.8709922, -43.9811087)",4508,-19.8709922,-43.9811087,0
MG,BELO HORIZONTE,COR EUCARISTICO,AV J KUBITSCHEK 2880,30535-485,-19.922918,-43.972768,Belo Horizonte,"(-19.927295725771344, -43.98869031940176)",4535,-19.927295725771344,-43.98869031940176,0
MG,BELO HORIZONTE,BETANIA,AV URSULA PAULINO 1177,30570-000,-19.958797,-43.988095,Belo Horizonte,"(-19.958421, -43.9866871)",4829,-19.958421,-43.9866871,0
MG,BELO HORIZONTE,RENASCENCA,AV JACUI 2556,31140-650,-19.890629,-43.936155,Belo Horizonte,"(-19.8914459, -43.9359689)",4875,-19.8914459,-43.9359689,0
MG,JUIZ DE FORA,CASCATINHA,AV DR PAULO J COELHO 555,36033-310,-21.782548,-43.364276,Belo Horizonte,"(-21.7623932, -43.3434669)",4980,-21.7623932,-43.3434669,0
MG,DATAS,CENTRO,AV J MAG PINTO 322,39130-000,-18.445716,-43.656001,Belo Horizonte,"(-18.4490838, -43.6583328)",5067,-18.4490838,-43.6583328,2
MG,UBAPORANGA,CENTRO,AV MARQ PEREIRA 82,35338-000,-19.635782,-42.104893,Belo Horizonte,"(-19.638822, -42.105039)",5068,-19.638822,-42.105039,2
MG,CAMPO FLORIDO,CENTRO,R GOV VALADARES 4,38130-000,-19.759795,-48.573389,Uberaba,"(-19.7607506, -48.5703335)",5111,-19.7607506,-48.5703335,1
MG,DIVINO,CENTRO,R GENSERICO N OLIVEIR 44,36820-000,-20.616251,-42.149077,Belo Horizonte,"(-20.6146511, -42.1473738)",5112,-20.6146511,-42.1473738,0
MG,ITAOBIM,CENTRO,P AFONSO M SILVA 176A,39625-000,-16.576092,-41.504022,Belo Horizonte,"(-16.5585736, -41.5025529)",5113,-16.5585736,-41.5025529,2
MG,JAIBA,CENTRO,AV CEL MOACIR SILVA 631,39508-000,-15.337152,-43.685752,Belo Horizonte,"(-15.3479284, -43.6700234)",5114,-15.3479284,-43.6700234,2
MG,SAO JOSE DA LAPA,CENTRO,R PE JOSE DIAS 379,33350-000,-19.698977,-43.957775,Belo Horizonte,"(-19.6990086, -43.957405)",5119,-19.6990086,-43.957405,0
MG,BOM JESUS DO GALHO,CENTRO,R VER J S JACOB 140,35340-000,-19.829470,-42.316683,Belo Horizonte,"(-19.8279989, -42.3163829)",5132,-19.8279989,-42.3163829,2
MG,GOUVEIA,CENTRO,AV J KUBITSCHEK 961,39120-000,-18.447512,-43.739174,Belo Horizonte,"(-18.4579346, -43.7422007)",5134,-18.4579346,-43.7422007,2
MG,NAZARENO,CENTRO,R FCO R CARVALHO 111,36370-000,-21.212645,-44.598409,Belo Horizonte,"(-21.2174201, -44.6150308)",5135,-21.2174201,-44.6150308,0
MG,ALTO JEQUITIBA,CENTRO,AV CATARINA ELLER 715,36976-000,-20.420844,-41.958654,Belo Horizonte,"(-20.4268177, -41.9645697)",5160,-20.4268177,-41.9645697,0
MG,CONQUISTA,CENTRO,P CEL TANCREDO FRANCA 79,38195-000,-19.938943,-47.543804,Uberaba,"(-19.93701788, -47.545241)",5161,-19.93701788,-47.545241,1
MG,DOM CAVATI,CENTRO,R NOVO HORIZONTE 293,35148-000,-19.376184,-42.106458,Belo Horizonte,"(-19.3765016, -42.1067178)",5162,-19.3765016,-42.1067178,2
MG,S JOAO EVANGELISTA,CENTRO,P IDELFONSO R FREITAS 49,39705-000,-18.546086,-42.759790,Belo Horizonte,"(-18.5444918, -42.7658484)",5166,-18.5444918,-42.7658484,2
MG,CHAPADA DO NORTE,CENTRO,PCA P J M SACRAMENTO 114,39648-000,-17.080159,-42.548099,Belo Horizonte,"(-17.088198, -42.5379441)",5184,-17.088198,-42.5379441,2
MG,CONGONHAL,CENTRO,PCA COMEND F MATOS 11,37557-000,-22.131163,-46.043495,Uberaba,"(-22.152277, -46.0416345)",5185,-22.152277,-46.0416345,1
MG,GURINHATA,CENTRO,R MARQ DA COSTA 285,38310-000,-19.214804,-49.787515,Uberaba,"(-19.2141258, -49.78810319999999)",5186,-19.2141258,-49.78810319999999,1
MG,VIRGEM DA LAPA,CENTRO,R GUILHERMINA CHAVES 181,39630-000,-16.805982,-42.342054,Belo Horizonte,"(-16.8039327, -42.3409194)",5188,-16.8039327,-42.3409194,2
MG,AGUAS FORMOSAS,CENTRO,R DR SEBAST FIG 710,39880-000,-17.082012,-40.934179,Belo Horizonte,"(-17.0834392, -40.933945)",5236,-17.0834392,-40.933945,2
MG,AGUAS VERMELHAS,CENTRO,R SAO VICENTE 164,39990-000,-15.747453,-41.460927,Belo Horizonte,"(-15.7449222, -41.4582096)",5237,-15.7449222,-41.4582096,2
MG,BELA VISTA MINAS,CENTRO,AV ARTUR COSTA SILVA 5,35938-000,-19.829225,-43.091681,Belo Horizonte,"(-19.828783, -43.0967635)",5241,-19.828783,-43.0967635,0
MG,CACHOEIRA DE PAJEU,CENTRO,R AFONSO PENA 14,39980-000,-15.963699,-41.494825,Belo Horizonte,"(-15.9643239, -41.4960743)",5243,-15.9643239,-41.4960743,2
MG,CAMPOS ALTOS,CENTRO,R MARIA RITA FRANCO 210,38970-000,-19.697506,-46.172042,Uberaba,"(-19.6975378, -46.1720028)",5244,-19.6975378,-46.1720028,1
MG,COLUNA,CENTRO,PCA HERCULANO TORRES 36,39770-000,-18.230131,-42.832370,Belo Horizonte,"(-18.23312, -42.84041999999999)",5250,-18.23312,-42.84041999999999,2
MG,CORINTO,CENTRO,PCA J KUBITSCHEK 58,39200-000,-18.403784,-44.458795,Belo Horizonte,"(-18.36530201, -44.457474384)",5251,-18.36530201,-44.457474384,2
MG,DELFIM MOREIRA,CENTRO,PCA GETULIO VARGAS 43,37514-000,-22.508558,-45.280766,Belo Horizonte,"(-22.5085014, -45.2803019)",5253,-22.5085014,-45.2803019,0
MG,EUGENOPOLIS,CENTRO,AV ANTENOR MAZORQUE 97,36855-000,-21.101700,-42.183080,Belo Horizonte,"(-21.0977735, -42.1827675)",5255,-21.0977735,-42.1827675,0
MG,FRANCISCO SA,CENTRO,R OLIMPIO DIAS 505,39580-000,-16.468904,-43.485177,Belo Horizonte,"(-16.4761379, -43.49060060000001)",5256,-16.4761379,-43.49060060000001,2
MG,GUARACIABA,CENTRO,R DIREITA 16,35436-000,-20.557669,-43.005939,Belo Horizonte,"(-20.5715696, -43.00777919999999)",5257,-20.5715696,-43.00777919999999,0
MG,ITAMBACURI,CENTRO,AV 2 DE AGOSTO 1465,39830-000,-18.044543,-41.661248,Belo Horizonte,"(-18.0341633, -41.68360029999999)",5260,-18.0341633,-41.68360029999999,2
MG,JOAIMA,CENTRO,R PROF A G MOREIRA 376,39890-000,-16.645276,-41.032385,Belo Horizonte,"(-16.6548418, -41.024755)",5264,-16.6548418,-41.024755,2
MG,LARANJAL,CENTRO,AV ONOFRE S DA SILVA 71,36760-000,-21.361730,-42.471583,Belo Horizonte,"(-21.3638927, -42.4791243)",5265,-21.3638927,-42.4791243,0
MG,MACHACALIS,CENTRO,R MILTON CAMPOS 126,39873-000,-17.073269,-40.711446,Belo Horizonte,"(-17.0776849, -40.717674)",5266,-17.0776849,-40.717674,2
MG,MATHIAS LOBATO,CENTRO,AV JOSE L DE OLIVEIRA 22,35110-000,-18.588530,-41.924265,Belo Horizonte,"(-18.5734457, -41.9152089)",5271,-18.5734457,-41.9152089,2
MG,MENDES PIMENTEL,CENTRO,AV MATEUS MOULIN 56A,35270-000,-18.656446,-41.406443,Belo Horizonte,"(-18.6591434, -41.4036416)",5273,-18.6591434,-41.4036416,2
MG,MOEMA,CENTRO,R CAETES 420,35604-000,-19.845082,-45.413393,Belo Horizonte,"(-19.8434703, -45.4147468)",5274,-19.8434703,-45.4147468,0
MG,NATERCIA,CENTRO,R PREF JOSE NACACIO 44,37524-000,-22.118670,-45.513445,Belo Horizonte,"(-22.118702, -45.5134535)",5279,-22.118702,-45.5134535,0
MG,PALMA,CENTRO,R DR MARCO A FREITAS 38A,36750-000,-21.360731,-42.314409,Belo Horizonte,"(-21.375825, -42.3168305)",5280,-21.375825,-42.3168305,0
MG,PALMOPOLIS,CENTRO,AV BELO HORIZONTE 70,39945-000,-16.735094,-40.420398,Belo Horizonte,"(-16.7351134, -40.42046)",5282,-16.7351134,-40.42046,2
MG,PAPAGAIOS,CENTRO,R WASHINGTON VIEIRA 55,35669-000,-19.442624,-44.748637,Belo Horizonte,"(-19.4474008, -44.7477588)",5284,-19.4474008,-44.7477588,0
MG,PAULA CANDIDO,CENTRO,R MONS LISBOA 145,36544-000,-20.874822,-42.969849,Belo Horizonte,"(-20.8734831, -42.9806129)",5286,-20.8734831,-42.9806129,0
MG,PERDIGAO,CENTRO,P DRGERALDO C BRANDAO194,35515-000,-19.952999,-45.084000,Belo Horizonte,"(-19.9526866, -45.0813485)",5288,-19.9526866,-45.0813485,0
MG,POCRANE,CENTRO,AV MINAS GERAIS 112,36960-000,-19.619363,-41.637671,Belo Horizonte,"(-19.619641, -41.637645)",5293,-19.619641,-41.637645,2
MG,PRESIDENTE OLEGARI,CENTRO,PCA DA INDEPENDENCIA 84,38750-000,-18.307135,-46.123178,Uberaba,"(-18.415637, -46.4189027)",5294,-18.415637,-46.4189027,1
MG,RIBEIRAO VERMELHO,CENTRO,AV ANTONIO ROCHA 342,37264-000,-21.191537,-45.062474,Belo Horizonte,"(-21.191187, -45.06143)",5295,-21.191187,-45.06143,0
MG,RIO VERMELHO,CENTRO,R SANTOS COSTA 66,39170-000,-18.277965,-43.007964,Belo Horizonte,"(-18.29187, -43.0072572)",5296,-18.29187,-43.0072572,2
MG,SANTANA DO PARAISO,CENTRO,PCA DA MATRIZ 44,35167-000,-19.365090,-42.549155,Belo Horizonte,"(-19.3651284, -42.5497154)",5299,-19.3651284,-42.5497154,2
MG,S JOSE DO GOIABAL,CENTRO,R MAGALHAES PINTO 165,35986-000,-19.928602,-42.701025,Belo Horizonte,"(-19.9261298, -42.7075629)",5303,-19.9261298,-42.7075629,0
MG,SAO TOME DAS LETRA,CENTRO,R AL VIRGILIO MARTINS 6B,37418-000,-21.723546,-44.981533,Belo Horizonte,"(-21.7229809, -44.9858193)",5304,-21.7229809,-44.9858193,0
MG,TIROS,CENTRO,PCA SANTO ANTONIO 466,38880-000,-18.998124,-45.969779,Uberaba,"(-19.0028245, -45.9656606)",5311,-19.0028245,-45.9656606,1
MG,URUCANIA,CENTRO,R DONA FRANCISCA 70,35380-000,-20.323993,-42.748031,Belo Horizonte,"(-20.3512966, -42.7410325)",5312,-20.3512966,-42.7410325,0
MG,ALVINOPOLIS,CENTRO,R PE J MARCIANO 501,35950-000,-20.095483,-43.044270,Belo Horizonte,"(-20.1110146, -43.059653)",5323,-20.1110146,-43.059653,0
MG,BELO HORIZONTE,NOVA GRANADA,AV SILVA LOBO 1111,30460-000,-19.934076,-43.971657,Belo Horizonte,"(-19.9347104, -43.97118589999999)",5325,-19.9347104,-43.97118589999999,0
MG,ANTONIO DIAS,CENTRO,R PRES VARGAS 100,35177-000,-19.624333,-42.868516,Belo Horizonte,"(-19.6540716, -42.8698976)",5355,-19.6540716,-42.8698976,2
MG,DESTERRO E RIOS,CENTRO,R TEOFILO ANDRADE 52,35494-000,-20.636753,-44.338900,Belo Horizonte,"(-20.659791479543692, -44.33489716905575)",5365,-20.65979147954369,-44.33489716905575,0
MG,DIVISOPOLIS,CENTRO,PCA MANFREDO F SOUZA 70,39912-000,-15.726281,-41.000266,Belo Horizonte,"(-15.7208534, -41.0028156)",5367,-15.7208534,-41.0028156,2
MG,JEQUITAI,CENTRO,AV ESPIRITO SANTO 150,39370-000,-17.232221,-44.435942,Belo Horizonte,"(-17.2312772, -44.4415771)",5370,-17.2312772,-44.4415771,2
MG,MATA VERDE,CENTRO,PCA JOSE A LEBRAO 106,39915-000,-15.688790,-40.730739,Belo Horizonte,"(-15.6872299, -40.7410649)",5381,-15.6872299,-40.7410649,2
MG,NOVA PONTE,CENTRO,AV GOV VALADARES 791,38160-000,-19.136000,-47.682999,Uberaba,"(-19.1648963, -47.6751866)",5388,-19.1648963,-47.6751866,1
MG,RIO ACIMA,CENTRO,R 28 DE DEZEMBRO 14,34300-000,-20.088559,-43.790925,Belo Horizonte,"(-20.0885131, -43.7912003)",5392,-20.0885131,-43.7912003,0
MG,S JOSE DO JACURI,CENTRO,R SAO JOSE DO JACURI 9,39707-000,-18.274884,-42.674401,Belo Horizonte,"(-18.2765521, -42.6712058)",5399,-18.2765521,-42.6712058,2
MG,BELO HORIZONTE,PE EUSTAQUIO,R PE EUSTAQUIO 2760,30720-100,-19.914936,-43.977795,Belo Horizonte,"(-19.9146383, -43.9787781)",5435,-19.9146383,-43.9787781,0
MG,CAMPANARIO,CENTRO,R ANTONIO DUARTE 50,39835-000,-18.238482,-41.748500,Belo Horizonte,"(-18.2422234, -41.73066943)",5535,-18.2422234,-41.73066943,2
MG,S SEBAST MARANHAO,CENTRO,R CONEGO LAFAIATE 911,39795-000,-18.089247,-42.568242,Belo Horizonte,"(-18.0881130, -42.57029208)",5545,-18.088113,-42.57029208,2
MG,SERRA DOS AIMORES,CENTRO,AV SAO FRANCISCO 268,39868-000,-17.773290,-40.254282,Belo Horizonte,"(-17.786162, -40.2452183)",5546,-17.786162,-40.2452183,2
MG,CONCEICAO DO PARA,CENTRO,PCA JANUARIO VALERIO 200,35668-000,-19.758290,-44.894348,Belo Horizonte,"(-19.7539123, -44.8960818)",5549,-19.7539123,-44.8960818,0
MG,DONA EUZEBIA,CENTRO,AV ANTONIO E RIBEIRO 260,36784-000,-21.321455,-42.805843,Belo Horizonte,"(-21.3151478, -42.8120874)",5550,-21.3151478,-42.8120874,0
MG,CACHOEIRA DA PRATA,CENTRO,PCA JK 170,35765-000,-19.525254,-44.447798,Belo Horizonte,"(-19.5242545, -44.45177)",5551,-19.5242545,-44.45177,0
MG,PIRAJUBA,CENTRO,R CECINIO SILVA 45,38210-000,-19.907732,-48.699308,Uberaba,"(-19.9078257, -48.6993288)",5553,-19.9078257,-48.6993288,1
MG,SANTANA PIRAPAMA,CENTRO,R SAO JOSE 160,35785-000,-18.996838,-44.053089,Belo Horizonte,"(-19.007046, -44.0416138)",5557,-19.007046,-44.0416138,0
MG,FELISBURGO,CENTRO,PCA JOSE D P COELHO 13,39895-000,-16.640435,-40.772844,Belo Horizonte,"(-16.6390622, -40.7624728)",5559,-16.6390622,-40.7624728,2
MG,ITAIPE,CENTRO,R CEL PEDRO MENDES 3,39815-000,-17.402469,-41.672170,Belo Horizonte,"(-17.4016788, -41.6693305)",5564,-17.4016788,-41.6693305,2
MG,NOVA UNIAO,CENTRO,P PE JOAO HABIAN 232,34990-000,-19.689953,-43.579660,Belo Horizonte,"(-19.6874806, -43.583051)",5578,-19.6874806,-43.583051,0
MG,S JOAO MANTENINHA,CENTRO,AV JOAO GOMES VIEIRA 28,35277-000,-18.720758,-41.159624,Belo Horizonte,"(-18.7232438, -41.1607818)",5599,-18.7232438,-41.1607818,2
MG,CONTAGEM,CID INDUSTRIAL,P ANTONIO M GUIMARAES222,32210-170,-19.956518,-44.025967,Belo Horizonte,"(-19.8396119, -44.1517096)",5605,-19.8396119,-44.1517096,0
MG,BELO HORIZONTE,VENDA NOVA,R PE PEDRO PINTO 825,31510-000,-19.815613,-43.957263,Belo Horizonte,"(-19.8157365, -43.9576415)",5612,-19.8157365,-43.9576415,0
MG,CONTAGEM,CENTRO,R JOAO CAMARGOS 56,32040-620,-19.917636,-44.079842,Belo Horizonte,"(-19.9019558, -44.0794429)",5636,-19.9019558,-44.0794429,0
MG,MONTES CLAROS,CENTRO,R DR SANTOS 49,39400-000,"     .      ","     .      ",Belo Horizonte,"(-16.7238953, -43.8651953)",4613,-16.7238953,-43.8651953,2
MG,CRUZEIRO DA FORTAL,CENTRO,AV N SRA DE FATIMA 1361,38735-000,-18.945999,-46.674000,Uberaba,"(-18.946948, -46.673326)",5705,-18.946948,-46.673326,1
MG,ENTRE FOLHAS,CENTRO,R JOAQUIM CAMPOS 72,35324-000,-19.625614,-42.231606,Belo Horizonte,"(-19.6269115, -42.2310221)",5706,-19.6269115,-42.2310221,2
MG,RIO DO PRADO,CENTRO,R PACIFICO RODRIGUES 251,39940-000,-16.595775,-40.554290,Belo Horizonte,"(-16.6098832, -40.5696228)",5731,-16.6098832,-40.5696228,2
MG,SAO JOSE DO DIVINO,CENTRO,PCA CEL ANTONIO LOPES 25,39848-000,-18.471288,-41.386702,Belo Horizonte,"(-18.4818079, -41.3897786)",5753,-18.4818079,-41.3897786,2
MG,TAQUARACU DE MINAS,CENTRO,PCA CEL JOSE DE MELO 55,33980-000,-19.667885,-43.689156,Belo Horizonte,"(-19.6677404, -43.6889694)",5777,-19.6677404,-43.6889694,0
MG,UBERLANDIA,SARAIVA,AV JOAO NAVES AVILA 2420,38408-100,-18.920221,-48.262528,Uberaba,"(-18.9199861, -48.2625469)",5784,-18.9199861,-48.2625469,1
MG,GOV VALADARES,S PAULO,AVENIDA JK 1402,35030-210,-18.873275,-41.958598,Belo Horizonte,"(-18.8731596, -41.9586656)",5789,-18.8731596,-41.9586656,2
MG,TUMIRITINGA,CENTRO,AV AMAZONAS 844,35125-000,-18.978775,-41.640367,Belo Horizonte,"(-18.9787388, -41.6432267)",5795,-18.9787388,-41.6432267,2
MG,ITABIRA,ESPLAN ESTACAO,R SUZINHA SA MARTINS 40,35900-209,-19.630430,-43.226877,Belo Horizonte,"(-19.6300659, -43.22651)",5797,-19.6300659,-43.22651,0
MG,BELO HORIZONTE,CASTELO,RROMUALDO L CANÃ‡ADO88LJ1,30840-460,-19.891606,-43.996263,Belo Horizonte,"(-19.89157900212743, -43.99614501090133)",5807,-19.89157900212743,-43.99614501090133,0
MG,POCOS DE CALDAS,JD DOS ESTADOS,AV JOSE REMIGIOPREZIA693,37701-782,-21.785069,-46.549850,Uberaba,"(-21.7853997, -46.5619342)",5825,-21.7853997,-46.5619342,1
MG,JOAO PINHEIRO,CENTRO,R CAPITAO SPERIDIAO 571,38770-000,-17.744810,-46.172781,Uberaba,"(-17.7448888, -46.1726564)",5960,-17.7448888,-46.1726564,1
MG,UBERABA,SAO BENEDITO,AV DR FERNANDO COSTA 909,38022-300,-19.769077,-47.944595,Uberaba,"(-19.769367, -47.9444129)",6387,-19.769367,-47.9444129,1
MG,BELO HORIZONTE,RIO BRANCO,R AUGUSTO ANJOS 335E337,31535-000,-19.836931,-43.965554,Belo Horizonte,"(-19.8191453, -43.9812882)",6454,-19.8191453,-43.9812882,0
MG,BETIM,CENTRO,PCA TIRADENTES 97 LJ,32560-210,-19.967165,-44.199100,Belo Horizonte,"(-19.9670335, -44.1987707)",6505,-19.9670335,-44.1987707,0
MG,BELO HORIZONTE,JARAGUA,R IZABEL BUENO 775,31270-030,-19.862883,-43.950166,Belo Horizonte,"(-19.86295, -43.9502)",6506,-19.86295,-43.9502,0
MG,BELO HORIZONTE,BARREIRO,AV AFONSO VAZ DE MELO370,30640-070,-19.973279,-44.018328,Belo Horizonte,"(-19.976974, -44.0250875)",6519,-19.976974,-44.0250875,0
MG,RIBEIRAO DAS NEVES,CENTRO,R ANTONIO M CERQ NETO 23,33805-470,-19.766440,-44.088214,Belo Horizonte,"(-19.7665216, -44.087879)",6572,-19.7665216,-44.087879,0
MG,BELO HORIZONTE,ESTORIL,AV RAJA GABAGLIA 3760/90,30494-310,-19.962702,-43.956666,Belo Horizonte,"(-19.9653716, -43.95466750000001)",6590,-19.9653716,-43.95466750000001,0
MG,BELO HORIZONTE,PALMARES,R CEL JAIRO PEREIRA14/18,31160-560,-19.877448,-43.934227,Belo Horizonte,"(-19.9913533, -44.0198167)",6633,-19.9913533,-44.0198167,0
MG,JUIZ DE FORA,STA TEREZINHA,R AMERICO LOBO 991,36045-050,-21.743170,-43.353772,Belo Horizonte,"(-21.7430103, -43.3538664)",6699,-21.7430103,-43.3538664,0
MG,GOV VALADARES,VL ISA,R FRANCISCOC PIMENTEL459,35044-110,-18.882699,-41.947602,Belo Horizonte,"(-18.8558333, -41.95718979999999)",6803,-18.8558333,-41.95718979999999,2
MG,UBERABA,N SRA DA ABADIA,R SALDANHA MARINHO 330,38026-060,-19.760629,-47.924715,Uberaba,"(-19.7613076, -47.9249994)",6805,-19.7613076,-47.9249994,1
MG,BELO HORIZONTE,HORTO,AV SILVIANO BRANDAO 2061,31030-035,-19.910955,-43.917890,Belo Horizonte,"(-19.911317, -43.9190006)",6894,-19.911317,-43.9190006,0
MG,IPATINGA,CANAA,AV SELIM J DE SALES 695,35164-213,-19.455419,-42.554922,Belo Horizonte,"(-19.46319, -42.5592797)",6898,-19.46319,-42.5592797,2
MG,CONTAGEM,GLORIA,AV JOAO C OLIVEIRA 3481,32340-001,-19.938648,-44.056679,Belo Horizonte,"(-19.9387654, -44.0519298)",6938,-19.9387654,-44.0519298,0
MG,SABARA,VL NOVA VISTA,AV CONTAGEM 1500,34710-000,-19.882832,-43.907846,Belo Horizonte,"(-19.8835058, -43.9075468)",6943,-19.8835058,-43.9075468,0
MG,BELO HORIZONTE,MILIONARIOS,AV OLINTO MEIRELES 1500,30620-330,-19.986004,-44.009087,Belo Horizonte,"(-19.9843082, -44.0099996)",6960,-19.9843082,-44.0099996,0
MG,BELO HORIZONTE,VENDA NOVA,AV VILARINHO 1311,31615-250,-19.814499,-43.955461,Belo Horizonte,"(-19.816087, -43.9545931)",7176,-19.816087,-43.9545931,0
MG,JUIZ DE FORA,CENTRO,AV DOS ANDRADAS 359,36036-000,-21.753408,-43.352947,Belo Horizonte,"(-21.7531239, -43.3527795)",7178,-21.7531239,-43.3527795,0
MG,EXTREMA,CENTRO,AV BRASIL 165,37640-000,-22.853289,-46.317612,Uberaba,"(-22.8532902, -46.3179709)",7199,-22.8532902,-46.3179709,1
MG,RIBEIRAO DAS NEVES,CEREJEIRAS,AV DENISE C DA ROCHA 690,33900-000,"     .      ","     .      ",Belo Horizonte,"(-19.8006571, -44.0086715)",6401,-19.8006571,-44.0086715,0
MG,POUSO ALEGRE,ARISTEU C RIOS,AV PREF OLAVO G OLIV1860,37550-000,-22.272885,-45.922066,Belo Horizonte,"(-22.277493, -45.9187872)",7347,-22.277493,-45.9187872,1
MG,SETE LAGOAS,CANAA,AV RAQUEL T VIANA 582,35700-293,-19.466840,-44.254432,Belo Horizonte,"(-19.4666092, -44.2543627)",7349,-19.4666092,-44.2543627,0
MG,BELO HORIZONTE,GUARANI,R WALDOMIRO LOBO 580,31814-620,-19.844042,-43.924084,Belo Horizonte,"(-19.8438271, -43.92397440000001)",7364,-19.8438271,-43.92397440000001,0
MG,CONTAGEM,INCONFIDENTES,ROD BR 381 3399 LJ 1 2 3,32223-570,-19.959389,-44.033573,Belo Horizonte,"(-19.9576978, -44.09283629999999)",7369,-19.9576978,-44.09283629999999,0
MG,BELO HORIZONTE,CEU AZUL,R ANTONIO JOSE SANTOS541,31580-000,-19.823673,-43.996570,Belo Horizonte,"(-19.9480257, -44.0055638)",7414,-19.9480257,-44.0055638,0
MG,LAVRAS,CENTRO,R DR MELO VIANA 91,37200-000,-21.250589,-45.003648,Belo Horizonte,"(-21.2528676, -45.00324610000001)",7422,-21.2528676,-45.00324610000001,0
MG,CONTAGEM,NOVO RIACHO,R MANTIQUEIRA 575,32280-620,-19.946845,-44.062747,Belo Horizonte,"(-19.9384589, -44.0518344)",7443,-19.9384589,-44.0518344,0
MG,BELO HORIZONTE,PADRE EUSTAQUIO,R PARA DE MINAS 1177,30730-440,-19.914147,-43.989720,Belo Horizonte,"(-19.9139763, -43.9925697)",7453,-19.9139763,-43.9925697,0
MG,MONTES CLAROS,CENTRO,R CARLOS GOMES 76,39400-042,-16.731083,-43.870934,Belo Horizonte,"(-16.7216025, -43.8651207)",7566,-16.7216025,-43.8651207,2
MG,MONTES CLAROS,JD PALMEIRAS,AV DEP PLINIO RIBEIR2178,39402-194,-16.728080,-43.845092,Belo Horizonte,"(-16.7397702, -43.8462984)",7756,-16.7397702,-43.8462984,2
MG,CONTAGEM,RESSACA,R RODRIGUES DA CUNHA 728,32113-340,-19.884160,-44.029199,Belo Horizonte,"(-19.8843356, -44.0290946)",7771,-19.8843356,-44.0290946,0
MG,UBERLANDIA,DONA ZULMIRA,AV JOSE FONSECA SILVA 10,38414-016,-18.911701,-48.320164,Uberaba,"(-18.9127812, -48.3259774)",7783,-18.9127812,-48.3259774,1
MG,UBERLANDIA,SANTA ROSA,AV MONSENHOR EDUARDO2111,38401-239,-18.896509,-48.270301,Uberaba,"(-18.893096, -48.2751882)",7784,-18.893096,-48.2751882,1
MG,BELO HORIZONTE,PRADO,R PLATINA 939,30410-430,-19.921471,-43.966763,Belo Horizonte,"(-19.9215959, -43.9668135)",7892,-19.9215959,-43.9668135,0
MG,CONTAGEM,PETROLANDIA,R MATO GROSSO 415,32073-760,-19.931755,-44.110040,Belo Horizonte,"(-19.9311043, -44.1097511)",7893,-19.9311043,-44.1097511,0
MG,UBERLANDIA,JD BOTANICO,AV SEME SIMAO 1376,38410-675,-18.951458,-48.240570,Uberaba,"(-18.9515317, -48.2412577)",7916,-18.9515317,-48.2412577,1
MG,POCOS DE CALDAS,CENTRO,AV JOAO PINHEIRO 1130,37701-386,-21.785109,-46.583429,Uberaba,"(-21.7850327, -46.5838123)",7961,-21.7850327,-46.5838123,1
MG,BARBACENA,PONTILHAO,AV GOV BIAS FORTES 131,36204-168,-21.212447,-43.751265,Belo Horizonte,"(-21.2135084, -43.7661183)",7994,-21.2135084,-43.7661183,0
MG,BOTELHOS,CENTRO,AV MJOR A A FERNANDES120,37720-000,-21.641249,-46.395486,Uberaba,"(-21.6473355, -46.3953156)",8003,-21.6473355,-46.3953156,1
MG,CAMBUI,CENTRO,PÃ‡A CEL JUSTINIANO 52,37600-000,-22.612283,-46.057364,Uberaba,"(-22.6100267, -46.0576301)",8005,-22.6100267,-46.0576301,1
MG,MONTE SIAO,CENTRO,R PRES TANCREDO NEVES360,37580-000,-22.428070,-46.570879,Uberaba,"(-22.4300085, -46.5705567)",8015,-22.4300085,-46.5705567,1
MG,PARAISOPOLIS,CENTRO,R BUENO DE PAIVA578,37660-000,-22.548889,-45.780834,Belo Horizonte,"(-22.5527905, -45.7808085)",8029,-22.5527905,-45.7808085,1
MG,UBERLANDIA,CENTRO,PCA TUBAL VILELA 222,38400-088,-18.891527,-48.315811,Uberaba,"(-18.920958, -48.2775938)",7677,-18.920958,-48.2775938,1
MG,JUIZ DE FORA,CENTRO,AV BR RIO BRANCOSN L1875,36013-020,-21.758488,-43.350314,Belo Horizonte,"(-21.7582884, -43.3502455)",8192,-21.7582884,-43.3502455,0
MG,UBERABA,CENTRO,AVLEOPOLDINOOLIVEIRA3917,38010-000,-19.746464,-47.938140,Uberaba,"(-19.7468335, -47.9380408)",8276,-19.7468335,-47.9380408,1
MG,BELO HORIZONTE,CENTRO,PÃ‡A SETE DE SETEMBRO 700,30130-010,-19.919279,-43.938838,Belo Horizonte,"(-19.9191248, -43.9386291)",8295,-19.9191248,-43.9386291,0
MG,ARAXA,CENTRO,AV ANTONIO CARLOS 76,38183-083,-19.590136,-46.938962,Uberaba,"(-19.5916858, -46.9395731)",8481,-19.5916858,-46.9395731,1
MG,DIVINOPOLIS,CENTRO,RUA GOIAS 1311,35500-001,-20.143641,-44.897724,Belo Horizonte,"(-20.1439006, -44.89770650000001)",8568,-20.1439006,-44.89770650000001,0
MG,BELO HORIZONTE,SAO LUIZ,ALAMEDA DAS PRINCESAS 31,31275-180,-19.855335,-43.969204,Belo Horizonte,"(-19.8549076, -43.9689693)",8606,-19.8549076,-43.9689693,0
MG,ITABIRA,CENTRO,GUARDA MOR CUSTODIO 234,35900-003,-19.622438,-43.227417,Belo Horizonte,"(-19.6223309, -43.227266)",8627,-19.6223309,-43.227266,0
MG,ITAJUBA,CENTRO,PC WENCESLAU BRAZ 92,37500-038,-22.424995,-45.454059,Belo Horizonte,"(-22.4249691, -45.4541347)",8663,-22.4249691,-45.4541347,0
MG,BELO HORIZONTE,LOURDES,R MARILIA DE DIRCEU 116,30170-090,-19.933847,-43.945939,Belo Horizonte,"(-19.9339779, -43.9461096)",8696,-19.9339779,-43.9461096,0
MG,MANHUACU,BAIXADA,AV SALIME NACIF 130,36900-000,-20.251488,-42.031567,Belo Horizonte,"(-20.248054, -42.02954769999999)",8784,-20.248054,-42.02954769999999,0
MG,BELO HORIZONTE,CENTRO,R CURITIBA 987,30170-120,-19.926960,-43.952393,Belo Horizonte,"(-19.9215347, -43.9419519)",8610,-19.9215347,-43.9419519,0
MG,BELO HORIZONTE,VENDA NOVA,R PE PEDRO PINTO 6374,31660-000,-19.803568,-43.983486,Belo Horizonte,"(-19.802916, -43.9966075)",8820,-19.802916,-43.9966075,0
MG,SAO LOURENCO,CENTRO,AV DOM PEDRO II 322,37470-000,-22.115685,-45.052923,Belo Horizonte,"(-22.1156119, -45.0540167)",8871,-22.1156119,-45.0540167,0
MG,BETIM,CENTRO,AV AMAZONAS 756,32560-000,-19.966603,-44.199497,Belo Horizonte,"(-19.9666002, -44.1997495)",8895,-19.9666002,-44.1997495,0
MG,NOVA SERRANA,CENTRO,R SAO JOSE188E190LJ1E2,35519-000,-19.877446,-44.989979,Belo Horizonte,"(-19.8798783, -45.016228)",8943,-19.8798783,-45.016228,0
MG,POCOS DE CALDAS,CENTRO,R ASSIS FIGUEIREDO 1103,37701-000,-21.788125,-46.566234,Uberaba,"(-21.788224, -46.56609900000001)",9093,-21.788224,-46.56609900000001,1
MG,UBERLANDIA,CENTRO,AV AFONSO PENA 492,38400-128,-18.918578,-48.278031,Uberaba,"(-18.9192794, -48.2783392)",9278,-18.9192794,-48.2783392,1
MG,NOVA LIMA,VILA DA SERRA,AL OSCAR NIEMEYER 555LJB,34000-000,-19.979681,-43.943161,Belo Horizonte,"(-19.9792892, -43.9428034)",9699,-19.9792892,-43.9428034,0
MG,IPATINGA,IGUAÃ‡U,AV BRASIL 325 LJ 01,35162-082,-19.475498,-42.548351,Belo Horizonte,"(-19.4755826, -42.5481873)",9705,-19.4755826,-42.5481873,2
MG,BELO HORIZONTE,SERRA VERDE,"ROD. JOÃO PAULO II, 4001 ",,-19.783647,-43.952108,Belo Horizonte,"(-19.9495812, -44.001627)",9857,-19.9495812,-44.001627,0
MG,BELO HORIZONTE,FUNCIONARIOS,RUA PERNAMBUCO 1061,30130-151,-19.937299,-43.936306,Belo Horizonte,"(-19.9366749, -43.9348488)",7095,-19.9366749,-43.9348488,0
MG,BELO HORIZONTE,FUNCIONARIOS,RUA PERNAMBUCO 1061,30130-151,-19.936689,-43.935188,Belo Horizonte,"(-19.9366749, -43.9348488)",9191,-19.9366749,-43.9348488,0
MG,MONTES CLAROS,CENTRO,"R. CARLOS GOMES, 76",39400 - 042,-16.721.609,-43.865.116,Belo Horizonte,"(-16.7216025, -43.8651207)",1154,-16.7216025,-43.8651207,2
MG,MONTES CLAROS,CENTRO,"RUA CORONEL JOÃO CAMARGO,56","32040-620 ",-19.918.085,-44.079.325,Belo Horizonte,"(-19.917934994706883, -44.07970975100863)",1160,-19.91792928765243,-44.079720538107,0
MG,UBERLANDIA,CENTRO,PCA TUBAL VILELA 224,38400-186,-18.919704,-48.267101,Uberaba,"(-18.9208046, -48.2775976)",9693,-18.9208046,-48.2775976,1
MG,BELO HORIZONTE,CENTRO,"AV JOAO PINHEIRO, 141",30130-180,-19.927765,-43.936987,Belo Horizonte,"(-19.9265693, -43.9360929)",9726,-19.9265693,-43.9360929,0
MG,BELO HORIZONTE,SERRA,PC DA BANDEIRA 49,30130-050,-19.949104,-43.920376,Belo Horizonte,"(-19.94868, -43.9198)",3828,-19.94868,-43.9198,0
MG,BELO HORIZONTE,BELVEDERE,AV LUIS PAULO FRANCO 321,30320-570,-19.974169,-43.940063,Belo Horizonte,"(-19.9743775, -43.9399823)",3832,-19.9743775,-43.9399823,0
MG,BELO HORIZONTE,CENTRO,AV JOAO PINHEIRO 141,30130-180,-19.927765,-43.936987,Belo Horizonte,"(-19.9265693, -43.9360929)",3900,-19.9265693,-43.9360929,0
MG,BELO HORIZONTE,FUNCIONARIOS,AV BRASIL 1278,30140-001,-19.929464,-43.930893,Belo Horizonte,"(-19.9291568, -43.9311784)",4092,-19.9291568,-43.9311784,0
MG,UBERLANDIA,CENTRO,PCA TUBAL VILELA 224,38400-186,-18.920733,-48.277669,Uberaba,"(-18.9208046, -48.2775976)",5193,-18.9208046,-48.2775976,1
MG,UBERABA,ESTADOS UNIDOS,AV LEOPOLDINO OLIV 3379,38015-000,-19.748717,-47.935046,Uberaba,"(-19.750005, -47.9342275)",5400,-19.750005,-47.9342275,1
MG,BELO HORIZONTE,LOURDES,R FELIPE DOS SANTOS 27,30180-160,-19.935299,-43.942156,Belo Horizonte,"(-19.9355382, -43.9420849)",5639,-19.9355382,-43.9420849,0
MG,BELO HORIZONTE,SAO LUIZ,AV PRES ANT CARLOS 7900,31270-672,-19.851836,-43.962479,Belo Horizonte,"(-19.8515395, -43.9624959)",6662,-19.8515395,-43.9624959,0
MG,JUIZ DE FORA,CENTRO,AV BAR DO R BRANCO 2360,36016-310,-21.763239,-43.349636,Belo Horizonte,"(-21.7626953, -43.349568)",6980,-21.7626953,-43.349568,0
MG,BELO HORIZONTE,CENTRO,AV ALVARES CABRAL 370,30170-000,-19.926290,-43.938577,Belo Horizonte,"(-19.9260949, -43.9385887)",7006,-19.9260949,-43.9385887,0
MG,BELO HORIZONTE,LOURDES,R MARILIA DE DIRCEU 116,30170-090,-19.934044,-43.946281,Belo Horizonte,"(-19.9339779, -43.9461096)",7824,-19.9339779,-43.9461096,0
MG,BELO HORIZONTE,ESTORIL,AV PROF M WERNECK1460,30455-610,-19.970253,-43.964839,Belo Horizonte,"(-19.9541492, -43.9438489)",9387,-19.9541492,-43.9438489,0
MG,BELO HORIZONTE,FUNCIONARIOS,RUA PERNAMBUCO 1061,30130-151,-19.936689,-43.935188,Belo Horizonte,"(-19.9366749, -43.9348488)",9630,-19.9366749,-43.9348488,0
MG,NOVA LIMA,VILA DA SERRA,AL OSCAR NIEMEYER 555LJC,34000-000,-19.983662,-43.946247,Belo Horizonte,"(-19.9792892, -43.9428034)",9685,-19.9792892,-43.9428034,0
MG,BELO HORIZONTE,CRUZEIRO,AV AFONSO PENA 4102 LJ2,30130-009,-19.946111,-43.921970,Belo Horizonte,"(-19.9461096, -43.9221636)",9687,-19.9461096,-43.9221636,0
MG,BELO HORIZONTE,SAVASSI,AV CRIST COLOMBO 103,30140-140,#REF!,#REF!,Belo Horizonte,"(-19.9391373, -43.9351493)",925,-19.9391373,-43.9351493,0
MG,BELO HORIZONTE,CENTRO,AV DOM PEDRO II 2716,30710-010,#REF!,#REF!,Belo Horizonte,"(-19.9100201, -43.96671)",937,-19.9100201,-43.96671,0
MG,ARAXA,CENTRO,R PRES O MACIEL 38,38180-232,#REF!,#REF!,Uberaba,"(-19.591518, -46.939441)",944,-19.591518,-46.939441,1
MG,UBERABA,PQ DAS AMERICAS,AV JOAO XXIII 1326,38045-100,#REF!,#REF!,Uberaba,"(-19.7735853, -47.956266)",1101,-19.7735853,-47.956266,1
MG,GOVERNADOR VALADAR,CENTRO,AV MINAS GERAIS 275,20951-000,,,Belo Horizonte,"(-18.8568674, -41.9447198)",1157,-18.8568674,-41.9447198,2
MG,OURO PRETO,CENTRO,PC SILVIANO BRANDAO 49,35400-000,#REF!,#REF!,Belo Horizonte,"(-20.3855933, -43.507828)",1300,-20.3855933,-43.507828,0
MG,BETIM,CENTRO,R RIO DE JANEIRO 405,32510-030,#REF!,#REF!,Belo Horizonte,"(-19.9682315, -44.2002715)",1335,-19.9682315,-44.2002715,0
MG,JUIZ DE FORA,BENFICA,R MARTINS BARBOSA 37,36090-300,#REF!,#REF!,Belo Horizonte,"(-21.6882754, -43.434036)",1345,-21.6882754,-43.434036,0
MG,BELO HORIZONTE,ALIPIO DE MELO,AV ABILIO MACHADO 2197,30830-373,#REF!,#REF!,Belo Horizonte,"(-19.8986796, -44.0059463)",1382,-19.8986796,-44.0059463,0
MG,CONTAGEM,ELDORADO,AV JOAO C OLIVEIRA 1510,32310-000,#REF!,#REF!,Belo Horizonte,"(-19.9414891, -44.0420228)",1399,-19.9414891,-44.0420228,0
MG,BELO HORIZONTE,CENTRO,AV JOAO PINHEIRO 195,30130-180,#REF!,#REF!,Belo Horizonte,"(-19.92693, -43.9365)",1403,-19.92693,-43.9365,0
MG,CONS LAFAIETE,CENTRO,AV PREF T C RESENDE 246,36400-000,#REF!,#REF!,Belo Horizonte,"(-20.65888080001371, -43.79194777606628)",1429,-20.65888080001371,-43.79194777606628,0
MG,BELO HORIZONTE,CENTRO,R BAHIA 880,30160-011,#REF!,#REF!,Belo Horizonte,"(-19.9226973, -43.93709880000001)",1430,-19.9226973,-43.93709880000001,0
MG,FRUTAL,CENTRO,PCA DR ALCIDES P GOME 26,38200-000,#REF!,#REF!,Uberaba,"(-20.0263514, -48.9363617244)",1441,-20.0263514,-48.9363617244,1
MG,LAVRAS,CENTRO,PCA AUGUSTO SILVA 116,37200-000,#REF!,#REF!,Belo Horizonte,"(-21.2414065, -44.9993065)",1463,-21.2414065,-44.9993065,0
MG,MURIAE,CENTRO,R DR SILVEIRA BRUN 1,36880-000,#REF!,#REF!,Belo Horizonte,"(-21.1313924, -42.36379609999999)",1469,-21.1313924,-42.36379609999999,0
MG,OURO PRETO,CENTRO,R SAO JOSE 105,35400-000,#REF!,#REF!,Belo Horizonte,"(-20.3844946, -43.5069007)",1472,-20.3844946,-43.5069007,0
MG,PATROCINIO,CENTRO,R CEL JOAO C AGUIAR 357,38740-000,#REF!,#REF!,Uberaba,"(-18.944011124648483, -46.992107196187405)",1475,-18.944011124648483,-46.992107196187405,1
MG,PONTE NOVA,PALMEIRAS,AV DR FCO V MARTINS 639,35430-226,#REF!,#REF!,Belo Horizonte,"(-20.4091049, -42.8945074)",1481,-20.4091049,-42.8945074,0
MG,TRES CORACOES,CENTRO,PCA ODILON R ANDRADE 90,37410-000,#REF!,#REF!,Belo Horizonte,"(-21.6994707, -45.2561421)",1501,-21.6994707,-45.2561421,0
MG,TRES PONTAS,CENTRO,PCA CONEGO VITOR 165,37190-000,#REF!,#REF!,Belo Horizonte,"(-21.367776, -45.512231)",1503,-21.367776,-45.512231,0
MG,UNAI,CENTRO,R CELINA L FREDERICO 145,38610-000,#REF!,#REF!,Uberaba,"(-16.3597666, -46.902648)",1505,-16.3597666,-46.902648,1
MG,UBA,CENTRO,R SAO JOSE 304,36500-000,#REF!,#REF!,Belo Horizonte,"(-21.1182745, -42.9361761)",1558,-21.1182745,-42.9361761,0
MG,BELO HORIZONTE,FLORESTA,AV DO CONTORNO 1515,30110-070,#REF!,#REF!,Belo Horizonte,"(-19.9133039, -43.9295761)",1583,-19.9133039,-43.9295761,0
MG,UBERLANDIA,BRASIL,AV AFONSO PENA 2825,38400-708,#REF!,#REF!,Uberaba,"(-18.9007146, -48.2649777)",1611,-18.9007146,-48.2649777,1
MG,BELO HORIZONTE,BARREIRO,AV SINFRONIO BROCHADO 91,30640-000,#REF!,#REF!,Belo Horizonte,"(-19.9756, -44.01347)",1639,-19.9756,-44.01347,0
MG,BARBACENA,CENTRO,PCA DOS ANDRADAS 70/82,36200-008,#REF!,#REF!,Belo Horizonte,"(-21.2244856, -43.7734653)",1645,-21.2244856,-43.7734653,0
MG,BELO HORIZONTE,CENTRO,R RIO DE JANEIRO 471,30160-040,#REF!,#REF!,Belo Horizonte,"(-19.918638, -43.938369)",1674,-19.918638,-43.938369,0
MG,PATOS DE MINAS,CENTRO,R MAJOR GOTE 970,38702-054,,,Uberaba,"(-18.5918552, -46.5151338)",3376,-18.5918552,-46.5151338,1
MG,POUSO ALEGRE,FATIMA I,R TUANY TOLEDO 140,37550-000,#REF!,#REF!,Belo Horizonte,"(-22.22044261619724, -45.91995577758624)",5953,-22.22044261619724,-45.91995577758624,1
MG,BELO HORIZONTE,FUNCIONARIOS,AV BRASIL 1278,30140-001,#REF!,#REF!,Belo Horizonte,"(-19.9291568, -43.9311784)",7007,-19.9291568,-43.9311784,0
